Start,Finish,Steps (count)
24-Jan-2015 00:00,25-Jan-2015 00:00,102.0
25-Jan-2015 00:00,26-Jan-2015 00:00,7711.0
26-Jan-2015 00:00,27-Jan-2015 00:00,2377.0
27-Jan-2015 00:00,28-Jan-2015 00:00,8862.0
28-Jan-2015 00:00,29-Jan-2015 00:00,7524.0
29-Jan-2015 00:00,30-Jan-2015 00:00,3807.0
30-Jan-2015 00:00,31-Jan-2015 00:00,4774.0
31-Jan-2015 00:00,01-Feb-2015 00:00,9600.0
01-Feb-2015 00:00,02-Feb-2015 00:00,4199.0
02-Feb-2015 00:00,03-Feb-2015 00:00,9475.0
03-Feb-2015 00:00,04-Feb-2015 00:00,3964.0
04-Feb-2015 00:00,05-Feb-2015 00:00,4314.0
05-Feb-2015 00:00,06-Feb-2015 00:00,1260.0
06-Feb-2015 00:00,07-Feb-2015 00:00,3167.0
07-Feb-2015 00:00,08-Feb-2015 00:00,5242.0
08-Feb-2015 00:00,09-Feb-2015 00:00,5759.0
09-Feb-2015 00:00,10-Feb-2015 00:00,10285.0
10-Feb-2015 00:00,11-Feb-2015 00:00,8253.0
11-Feb-2015 00:00,12-Feb-2015 00:00,3337.0
12-Feb-2015 00:00,13-Feb-2015 00:00,4398.0
13-Feb-2015 00:00,14-Feb-2015 00:00,3690.0
14-Feb-2015 00:00,15-Feb-2015 00:00,8072.0
15-Feb-2015 00:00,16-Feb-2015 00:00,6787.0
16-Feb-2015 00:00,17-Feb-2015 00:00,5575.0
17-Feb-2015 00:00,18-Feb-2015 00:00,11046.0
18-Feb-2015 00:00,19-Feb-2015 00:00,5713.0
19-Feb-2015 00:00,20-Feb-2015 00:00,5535.0
20-Feb-2015 00:00,21-Feb-2015 00:00,10903.0
21-Feb-2015 00:00,22-Feb-2015 00:00,73.0
22-Feb-2015 00:00,23-Feb-2015 00:00,951.0
23-Feb-2015 00:00,24-Feb-2015 00:00,7568.0
24-Feb-2015 00:00,25-Feb-2015 00:00,9596.0
25-Feb-2015 00:00,26-Feb-2015 00:00,3180.0
26-Feb-2015 00:00,27-Feb-2015 00:00,4149.0
27-Feb-2015 00:00,28-Feb-2015 00:00,3860.0
28-Feb-2015 00:00,01-Mar-2015 00:00,3897.0
01-Mar-2015 00:00,02-Mar-2015 00:00,10877.0
02-Mar-2015 00:00,03-Mar-2015 00:00,0.0
03-Mar-2015 00:00,04-Mar-2015 00:00,9387.0
04-Mar-2015 00:00,05-Mar-2015 00:00,1784.0
05-Mar-2015 00:00,06-Mar-2015 00:00,7969.0
06-Mar-2015 00:00,07-Mar-2015 00:00,14349.0
07-Mar-2015 00:00,08-Mar-2015 00:00,13359.0
08-Mar-2015 00:00,09-Mar-2015 00:00,6591.0
09-Mar-2015 00:00,10-Mar-2015 00:00,7809.0
10-Mar-2015 00:00,11-Mar-2015 00:00,10102.0
11-Mar-2015 00:00,12-Mar-2015 00:00,3205.0
12-Mar-2015 00:00,13-Mar-2015 00:00,4345.0
13-Mar-2015 00:00,14-Mar-2015 00:00,3051.0
14-Mar-2015 00:00,15-Mar-2015 00:00,1852.0
15-Mar-2015 00:00,16-Mar-2015 00:00,2593.0
16-Mar-2015 00:00,17-Mar-2015 00:00,8559.0
17-Mar-2015 00:00,18-Mar-2015 00:00,12321.0
18-Mar-2015 00:00,19-Mar-2015 00:00,10714.0
19-Mar-2015 00:00,20-Mar-2015 00:00,11380.0
20-Mar-2015 00:00,21-Mar-2015 00:00,5537.0
21-Mar-2015 00:00,22-Mar-2015 00:00,7053.0
22-Mar-2015 00:00,23-Mar-2015 00:00,7901.0
23-Mar-2015 00:00,24-Mar-2015 00:00,7345.0
24-Mar-2015 00:00,25-Mar-2015 00:00,8119.0
25-Mar-2015 00:00,26-Mar-2015 00:00,3557.0
26-Mar-2015 00:00,27-Mar-2015 00:00,8296.0
27-Mar-2015 00:00,28-Mar-2015 00:00,5951.0
28-Mar-2015 00:00,29-Mar-2015 00:00,0.0
29-Mar-2015 00:00,30-Mar-2015 00:00,0.0
30-Mar-2015 00:00,31-Mar-2015 00:00,5857.0
31-Mar-2015 00:00,01-Apr-2015 00:00,4990.0
01-Apr-2015 00:00,02-Apr-2015 00:00,2929.0
02-Apr-2015 00:00,03-Apr-2015 00:00,4973.0
03-Apr-2015 00:00,04-Apr-2015 00:00,8449.0
04-Apr-2015 00:00,05-Apr-2015 00:00,4470.0
05-Apr-2015 00:00,06-Apr-2015 00:00,809.0
06-Apr-2015 00:00,07-Apr-2015 00:00,802.0
07-Apr-2015 00:00,08-Apr-2015 00:00,8814.0
08-Apr-2015 00:00,09-Apr-2015 00:00,5943.0
09-Apr-2015 00:00,10-Apr-2015 00:00,3905.0
10-Apr-2015 00:00,11-Apr-2015 00:00,6188.0
11-Apr-2015 00:00,12-Apr-2015 00:00,7651.49703717185
12-Apr-2015 00:00,13-Apr-2015 00:00,3970.50296282815
13-Apr-2015 00:00,14-Apr-2015 00:00,15008.0
14-Apr-2015 00:00,15-Apr-2015 00:00,4985.0
15-Apr-2015 00:00,16-Apr-2015 00:00,4653.0
16-Apr-2015 00:00,17-Apr-2015 00:00,11984.0
17-Apr-2015 00:00,18-Apr-2015 00:00,5446.0
18-Apr-2015 00:00,19-Apr-2015 00:00,286.0
19-Apr-2015 00:00,20-Apr-2015 00:00,4384.0
20-Apr-2015 00:00,21-Apr-2015 00:00,6676.0
21-Apr-2015 00:00,22-Apr-2015 00:00,4529.0
22-Apr-2015 00:00,23-Apr-2015 00:00,4495.0
23-Apr-2015 00:00,24-Apr-2015 00:00,6780.0
24-Apr-2015 00:00,25-Apr-2015 00:00,8891.0
25-Apr-2015 00:00,26-Apr-2015 00:00,7894.0
26-Apr-2015 00:00,27-Apr-2015 00:00,3604.0
27-Apr-2015 00:00,28-Apr-2015 00:00,10477.0
28-Apr-2015 00:00,29-Apr-2015 00:00,9161.0
29-Apr-2015 00:00,30-Apr-2015 00:00,5787.0
30-Apr-2015 00:00,01-May-2015 00:00,10444.0
01-May-2015 00:00,02-May-2015 00:00,3327.0
02-May-2015 00:00,03-May-2015 00:00,761.0
03-May-2015 00:00,04-May-2015 00:00,47.0
04-May-2015 00:00,05-May-2015 00:00,9509.0
05-May-2015 00:00,06-May-2015 00:00,6912.0
06-May-2015 00:00,07-May-2015 00:00,7595.0
07-May-2015 00:00,08-May-2015 00:00,9011.0
08-May-2015 00:00,09-May-2015 00:00,6455.0
09-May-2015 00:00,10-May-2015 00:00,11951.0
10-May-2015 00:00,11-May-2015 00:00,1458.0
11-May-2015 00:00,12-May-2015 00:00,7668.0
12-May-2015 00:00,13-May-2015 00:00,9226.0
13-May-2015 00:00,14-May-2015 00:00,1056.0
14-May-2015 00:00,15-May-2015 00:00,8133.0
15-May-2015 00:00,16-May-2015 00:00,7020.0
16-May-2015 00:00,17-May-2015 00:00,2687.0
17-May-2015 00:00,18-May-2015 00:00,3122.0
18-May-2015 00:00,19-May-2015 00:00,7475.0
19-May-2015 00:00,20-May-2015 00:00,5735.0
20-May-2015 00:00,21-May-2015 00:00,4684.0
21-May-2015 00:00,22-May-2015 00:00,4196.0
22-May-2015 00:00,23-May-2015 00:00,6011.0
23-May-2015 00:00,24-May-2015 00:00,3042.0
24-May-2015 00:00,25-May-2015 00:00,2492.0
25-May-2015 00:00,26-May-2015 00:00,3625.0
26-May-2015 00:00,27-May-2015 00:00,4429.0
27-May-2015 00:00,28-May-2015 00:00,5056.0
28-May-2015 00:00,29-May-2015 00:00,4359.0
29-May-2015 00:00,30-May-2015 00:00,9275.0
30-May-2015 00:00,31-May-2015 00:00,391.0
31-May-2015 00:00,01-Jun-2015 00:00,1365.0
01-Jun-2015 00:00,02-Jun-2015 00:00,605.0
02-Jun-2015 00:00,03-Jun-2015 00:00,4200.0
03-Jun-2015 00:00,04-Jun-2015 00:00,6024.0
04-Jun-2015 00:00,05-Jun-2015 00:00,8037.0
05-Jun-2015 00:00,06-Jun-2015 00:00,3076.0
06-Jun-2015 00:00,07-Jun-2015 00:00,12721.6721982028
07-Jun-2015 00:00,08-Jun-2015 00:00,1833.32780179723
08-Jun-2015 00:00,09-Jun-2015 00:00,4425.0
09-Jun-2015 00:00,10-Jun-2015 00:00,9661.0
10-Jun-2015 00:00,11-Jun-2015 00:00,3863.0
11-Jun-2015 00:00,12-Jun-2015 00:00,4797.0
12-Jun-2015 00:00,13-Jun-2015 00:00,5620.0
13-Jun-2015 00:00,14-Jun-2015 00:00,12.0
14-Jun-2015 00:00,15-Jun-2015 00:00,1399.0
15-Jun-2015 00:00,16-Jun-2015 00:00,4546.0
16-Jun-2015 00:00,17-Jun-2015 00:00,1259.0
17-Jun-2015 00:00,18-Jun-2015 00:00,7117.0
18-Jun-2015 00:00,19-Jun-2015 00:00,3306.0
19-Jun-2015 00:00,20-Jun-2015 00:00,3667.0
20-Jun-2015 00:00,21-Jun-2015 00:00,2663.0
21-Jun-2015 00:00,22-Jun-2015 00:00,2088.0
22-Jun-2015 00:00,23-Jun-2015 00:00,3263.0
23-Jun-2015 00:00,24-Jun-2015 00:00,2619.0
24-Jun-2015 00:00,25-Jun-2015 00:00,589.0
25-Jun-2015 00:00,26-Jun-2015 00:00,6583.0
26-Jun-2015 00:00,27-Jun-2015 00:00,3348.0
27-Jun-2015 00:00,28-Jun-2015 00:00,5591.0
28-Jun-2015 00:00,29-Jun-2015 00:00,4318.0
29-Jun-2015 00:00,30-Jun-2015 00:00,5053.0
30-Jun-2015 00:00,01-Jul-2015 00:00,4157.0
01-Jul-2015 00:00,02-Jul-2015 00:00,4202.0
02-Jul-2015 00:00,03-Jul-2015 00:00,4343.0
03-Jul-2015 00:00,04-Jul-2015 00:00,3851.0
04-Jul-2015 00:00,05-Jul-2015 00:00,5844.0
05-Jul-2015 00:00,06-Jul-2015 00:00,1298.0
06-Jul-2015 00:00,07-Jul-2015 00:00,4251.0
07-Jul-2015 00:00,08-Jul-2015 00:00,3826.0
08-Jul-2015 00:00,09-Jul-2015 00:00,4494.0
09-Jul-2015 00:00,10-Jul-2015 00:00,6602.0
10-Jul-2015 00:00,11-Jul-2015 00:00,6516.0
11-Jul-2015 00:00,12-Jul-2015 00:00,4452.0
12-Jul-2015 00:00,13-Jul-2015 00:00,4187.0
13-Jul-2015 00:00,14-Jul-2015 00:00,6863.0
14-Jul-2015 00:00,15-Jul-2015 00:00,5407.0
15-Jul-2015 00:00,16-Jul-2015 00:00,5444.0
16-Jul-2015 00:00,17-Jul-2015 00:00,4240.0
17-Jul-2015 00:00,18-Jul-2015 00:00,716.0
18-Jul-2015 00:00,19-Jul-2015 00:00,1378.0
19-Jul-2015 00:00,20-Jul-2015 00:00,474.0
20-Jul-2015 00:00,21-Jul-2015 00:00,7815.0
21-Jul-2015 00:00,22-Jul-2015 00:00,5139.0
22-Jul-2015 00:00,23-Jul-2015 00:00,3777.0
23-Jul-2015 00:00,24-Jul-2015 00:00,11635.0
24-Jul-2015 00:00,25-Jul-2015 00:00,8330.0
25-Jul-2015 00:00,26-Jul-2015 00:00,3587.0
26-Jul-2015 00:00,27-Jul-2015 00:00,9360.0
27-Jul-2015 00:00,28-Jul-2015 00:00,2770.0
28-Jul-2015 00:00,29-Jul-2015 00:00,4141.0
29-Jul-2015 00:00,30-Jul-2015 00:00,7519.0
30-Jul-2015 00:00,31-Jul-2015 00:00,1159.0
31-Jul-2015 00:00,01-Aug-2015 00:00,5702.0
01-Aug-2015 00:00,02-Aug-2015 00:00,7557.0
02-Aug-2015 00:00,03-Aug-2015 00:00,6780.0
03-Aug-2015 00:00,04-Aug-2015 00:00,5899.0
04-Aug-2015 00:00,05-Aug-2015 00:00,3569.0
05-Aug-2015 00:00,06-Aug-2015 00:00,4979.0
06-Aug-2015 00:00,07-Aug-2015 00:00,7437.0
07-Aug-2015 00:00,08-Aug-2015 00:00,4127.0
08-Aug-2015 00:00,09-Aug-2015 00:00,3070.0
09-Aug-2015 00:00,10-Aug-2015 00:00,25297.0
10-Aug-2015 00:00,11-Aug-2015 00:00,7577.0
11-Aug-2015 00:00,12-Aug-2015 00:00,12234.0
12-Aug-2015 00:00,13-Aug-2015 00:00,4919.0
13-Aug-2015 00:00,14-Aug-2015 00:00,6524.0
14-Aug-2015 00:00,15-Aug-2015 00:00,15692.0
15-Aug-2015 00:00,16-Aug-2015 00:00,6534.0
16-Aug-2015 00:00,17-Aug-2015 00:00,2253.0
17-Aug-2015 00:00,18-Aug-2015 00:00,5297.0
18-Aug-2015 00:00,19-Aug-2015 00:00,4050.0
19-Aug-2015 00:00,20-Aug-2015 00:00,3918.0
20-Aug-2015 00:00,21-Aug-2015 00:00,6596.0
21-Aug-2015 00:00,22-Aug-2015 00:00,3307.0
22-Aug-2015 00:00,23-Aug-2015 00:00,5085.0
23-Aug-2015 00:00,24-Aug-2015 00:00,4559.0
24-Aug-2015 00:00,25-Aug-2015 00:00,3948.0
25-Aug-2015 00:00,26-Aug-2015 00:00,7456.0
26-Aug-2015 00:00,27-Aug-2015 00:00,3867.0
27-Aug-2015 00:00,28-Aug-2015 00:00,8210.75606697272
28-Aug-2015 00:00,29-Aug-2015 00:00,6348.24393302728
29-Aug-2015 00:00,30-Aug-2015 00:00,16055.0
30-Aug-2015 00:00,31-Aug-2015 00:00,9386.0
31-Aug-2015 00:00,01-Sep-2015 00:00,11155.3891448283
01-Sep-2015 00:00,02-Sep-2015 00:00,11119.6108551717
02-Sep-2015 00:00,03-Sep-2015 00:00,5071.0
03-Sep-2015 00:00,04-Sep-2015 00:00,12608.0
04-Sep-2015 00:00,05-Sep-2015 00:00,9981.0
05-Sep-2015 00:00,06-Sep-2015 00:00,5528.0
06-Sep-2015 00:00,07-Sep-2015 00:00,3776.0
07-Sep-2015 00:00,08-Sep-2015 00:00,6509.0
08-Sep-2015 00:00,09-Sep-2015 00:00,6505.0
09-Sep-2015 00:00,10-Sep-2015 00:00,5798.0
10-Sep-2015 00:00,11-Sep-2015 00:00,3243.0
11-Sep-2015 00:00,12-Sep-2015 00:00,5935.0
12-Sep-2015 00:00,13-Sep-2015 00:00,7431.0
13-Sep-2015 00:00,14-Sep-2015 00:00,11330.0
14-Sep-2015 00:00,15-Sep-2015 00:00,5441.0
15-Sep-2015 00:00,16-Sep-2015 00:00,8687.0
16-Sep-2015 00:00,17-Sep-2015 00:00,7000.0
17-Sep-2015 00:00,18-Sep-2015 00:00,8807.0
18-Sep-2015 00:00,19-Sep-2015 00:00,7389.0
19-Sep-2015 00:00,20-Sep-2015 00:00,5552.0
20-Sep-2015 00:00,21-Sep-2015 00:00,5040.0
21-Sep-2015 00:00,22-Sep-2015 00:00,6101.0
22-Sep-2015 00:00,23-Sep-2015 00:00,8481.0
23-Sep-2015 00:00,24-Sep-2015 00:00,9240.0
24-Sep-2015 00:00,25-Sep-2015 00:00,8720.0
25-Sep-2015 00:00,26-Sep-2015 00:00,8043.0
26-Sep-2015 00:00,27-Sep-2015 00:00,2563.0
27-Sep-2015 00:00,28-Sep-2015 00:00,979.0
28-Sep-2015 00:00,29-Sep-2015 00:00,8618.0
29-Sep-2015 00:00,30-Sep-2015 00:00,7950.0
30-Sep-2015 00:00,01-Oct-2015 00:00,4541.0
01-Oct-2015 00:00,02-Oct-2015 00:00,9862.0
02-Oct-2015 00:00,03-Oct-2015 00:00,5413.0
03-Oct-2015 00:00,04-Oct-2015 00:00,2036.0
04-Oct-2015 00:00,05-Oct-2015 00:00,3548.0
05-Oct-2015 00:00,06-Oct-2015 00:00,9783.0
06-Oct-2015 00:00,07-Oct-2015 00:00,5370.0
07-Oct-2015 00:00,08-Oct-2015 00:00,9356.0
08-Oct-2015 00:00,09-Oct-2015 00:00,3715.0
09-Oct-2015 00:00,10-Oct-2015 00:00,8781.0
10-Oct-2015 00:00,11-Oct-2015 00:00,3210.0
11-Oct-2015 00:00,12-Oct-2015 00:00,2855.0
12-Oct-2015 00:00,13-Oct-2015 00:00,6826.0
13-Oct-2015 00:00,14-Oct-2015 00:00,10846.0
14-Oct-2015 00:00,15-Oct-2015 00:00,2747.0
15-Oct-2015 00:00,16-Oct-2015 00:00,8901.0
16-Oct-2015 00:00,17-Oct-2015 00:00,3451.0
17-Oct-2015 00:00,18-Oct-2015 00:00,4280.0
18-Oct-2015 00:00,19-Oct-2015 00:00,5980.0
19-Oct-2015 00:00,20-Oct-2015 00:00,4779.0
20-Oct-2015 00:00,21-Oct-2015 00:00,3766.0
21-Oct-2015 00:00,22-Oct-2015 00:00,3525.0
22-Oct-2015 00:00,23-Oct-2015 00:00,8611.0
23-Oct-2015 00:00,24-Oct-2015 00:00,751.0
24-Oct-2015 00:00,25-Oct-2015 00:00,4421.0
25-Oct-2015 00:00,26-Oct-2015 00:00,2893.0
26-Oct-2015 00:00,27-Oct-2015 00:00,2899.0
27-Oct-2015 00:00,28-Oct-2015 00:00,7084.0
28-Oct-2015 00:00,29-Oct-2015 00:00,7196.0
29-Oct-2015 00:00,30-Oct-2015 00:00,5635.0
30-Oct-2015 00:00,31-Oct-2015 00:00,7094.0
31-Oct-2015 00:00,01-Nov-2015 00:00,5029.0
01-Nov-2015 00:00,02-Nov-2015 00:00,1232.0
02-Nov-2015 00:00,03-Nov-2015 00:00,2983.0
03-Nov-2015 00:00,04-Nov-2015 00:00,8486.0
04-Nov-2015 00:00,05-Nov-2015 00:00,7976.0
05-Nov-2015 00:00,06-Nov-2015 00:00,6743.0
06-Nov-2015 00:00,07-Nov-2015 00:00,3196.0
07-Nov-2015 00:00,08-Nov-2015 00:00,589.0
08-Nov-2015 00:00,09-Nov-2015 00:00,2190.0
09-Nov-2015 00:00,10-Nov-2015 00:00,2418.0
10-Nov-2015 00:00,11-Nov-2015 00:00,6730.0
11-Nov-2015 00:00,12-Nov-2015 00:00,8542.0
12-Nov-2015 00:00,13-Nov-2015 00:00,7364.0
13-Nov-2015 00:00,14-Nov-2015 00:00,5779.0
14-Nov-2015 00:00,15-Nov-2015 00:00,530.0
15-Nov-2015 00:00,16-Nov-2015 00:00,2791.0
16-Nov-2015 00:00,17-Nov-2015 00:00,3366.0
17-Nov-2015 00:00,18-Nov-2015 00:00,6922.0
18-Nov-2015 00:00,19-Nov-2015 00:00,9158.0
19-Nov-2015 00:00,20-Nov-2015 00:00,5156.0
20-Nov-2015 00:00,21-Nov-2015 00:00,7056.0
21-Nov-2015 00:00,22-Nov-2015 00:00,227.0
22-Nov-2015 00:00,23-Nov-2015 00:00,2496.0
23-Nov-2015 00:00,24-Nov-2015 00:00,5387.0
24-Nov-2015 00:00,25-Nov-2015 00:00,7897.0
25-Nov-2015 00:00,26-Nov-2015 00:00,7397.0
26-Nov-2015 00:00,27-Nov-2015 00:00,8088.0
27-Nov-2015 00:00,28-Nov-2015 00:00,2835.0
28-Nov-2015 00:00,29-Nov-2015 00:00,169.0
29-Nov-2015 00:00,30-Nov-2015 00:00,2029.0
30-Nov-2015 00:00,01-Dec-2015 00:00,2267.0
01-Dec-2015 00:00,02-Dec-2015 00:00,6210.0
02-Dec-2015 00:00,03-Dec-2015 00:00,5631.0
03-Dec-2015 00:00,04-Dec-2015 00:00,6473.0
04-Dec-2015 00:00,05-Dec-2015 00:00,6748.0
05-Dec-2015 00:00,06-Dec-2015 00:00,4095.0
06-Dec-2015 00:00,07-Dec-2015 00:00,879.0
07-Dec-2015 00:00,08-Dec-2015 00:00,8732.0
08-Dec-2015 00:00,09-Dec-2015 00:00,7412.0
09-Dec-2015 00:00,10-Dec-2015 00:00,10457.0
10-Dec-2015 00:00,11-Dec-2015 00:00,7145.0
11-Dec-2015 00:00,12-Dec-2015 00:00,11442.0
12-Dec-2015 00:00,13-Dec-2015 00:00,5224.0
13-Dec-2015 00:00,14-Dec-2015 00:00,6452.0
14-Dec-2015 00:00,15-Dec-2015 00:00,7712.0
15-Dec-2015 00:00,16-Dec-2015 00:00,631.0
16-Dec-2015 00:00,17-Dec-2015 00:00,5295.0
17-Dec-2015 00:00,18-Dec-2015 00:00,4933.0
18-Dec-2015 00:00,19-Dec-2015 00:00,5093.86677571114
19-Dec-2015 00:00,20-Dec-2015 00:00,12045.1332242889
20-Dec-2015 00:00,21-Dec-2015 00:00,1018.0
21-Dec-2015 00:00,22-Dec-2015 00:00,5553.0
22-Dec-2015 00:00,23-Dec-2015 00:00,4715.0
23-Dec-2015 00:00,24-Dec-2015 00:00,6480.0
24-Dec-2015 00:00,25-Dec-2015 00:00,2085.0
25-Dec-2015 00:00,26-Dec-2015 00:00,598.0
26-Dec-2015 00:00,27-Dec-2015 00:00,1734.0
27-Dec-2015 00:00,28-Dec-2015 00:00,2694.0
28-Dec-2015 00:00,29-Dec-2015 00:00,3689.0
29-Dec-2015 00:00,30-Dec-2015 00:00,1710.0
30-Dec-2015 00:00,31-Dec-2015 00:00,2450.0
31-Dec-2015 00:00,01-Jan-2016 00:00,2806.0
01-Jan-2016 00:00,02-Jan-2016 00:00,504.0
02-Jan-2016 00:00,03-Jan-2016 00:00,95.0
03-Jan-2016 00:00,04-Jan-2016 00:00,1785.0
04-Jan-2016 00:00,05-Jan-2016 00:00,6846.0
05-Jan-2016 00:00,06-Jan-2016 00:00,4641.0
06-Jan-2016 00:00,07-Jan-2016 00:00,5374.0
07-Jan-2016 00:00,08-Jan-2016 00:00,5382.0
08-Jan-2016 00:00,09-Jan-2016 00:00,9267.80278132819
09-Jan-2016 00:00,10-Jan-2016 00:00,236.197218671807
10-Jan-2016 00:00,11-Jan-2016 00:00,122.0
11-Jan-2016 00:00,12-Jan-2016 00:00,7171.0
12-Jan-2016 00:00,13-Jan-2016 00:00,6957.0
13-Jan-2016 00:00,14-Jan-2016 00:00,8609.0
14-Jan-2016 00:00,15-Jan-2016 00:00,6799.0
15-Jan-2016 00:00,16-Jan-2016 00:00,6195.0
16-Jan-2016 00:00,17-Jan-2016 00:00,4386.0
17-Jan-2016 00:00,18-Jan-2016 00:00,1721.0
18-Jan-2016 00:00,19-Jan-2016 00:00,9572.0
19-Jan-2016 00:00,20-Jan-2016 00:00,7908.0
20-Jan-2016 00:00,21-Jan-2016 00:00,7307.0
21-Jan-2016 00:00,22-Jan-2016 00:00,6433.0
22-Jan-2016 00:00,23-Jan-2016 00:00,7097.0
23-Jan-2016 00:00,24-Jan-2016 00:00,5271.0
24-Jan-2016 00:00,25-Jan-2016 00:00,252.0
25-Jan-2016 00:00,26-Jan-2016 00:00,10238.0
26-Jan-2016 00:00,27-Jan-2016 00:00,6620.0
27-Jan-2016 00:00,28-Jan-2016 00:00,8314.0
28-Jan-2016 00:00,29-Jan-2016 00:00,5266.0
29-Jan-2016 00:00,30-Jan-2016 00:00,7346.0
30-Jan-2016 00:00,31-Jan-2016 00:00,4037.0
31-Jan-2016 00:00,01-Feb-2016 00:00,816.0
01-Feb-2016 00:00,02-Feb-2016 00:00,7792.0
02-Feb-2016 00:00,03-Feb-2016 00:00,7649.0
03-Feb-2016 00:00,04-Feb-2016 00:00,8515.0
04-Feb-2016 00:00,05-Feb-2016 00:00,7076.0
05-Feb-2016 00:00,06-Feb-2016 00:00,7066.0
06-Feb-2016 00:00,07-Feb-2016 00:00,10542.0
07-Feb-2016 00:00,08-Feb-2016 00:00,2465.0
08-Feb-2016 00:00,09-Feb-2016 00:00,8643.0
09-Feb-2016 00:00,10-Feb-2016 00:00,7723.0
10-Feb-2016 00:00,11-Feb-2016 00:00,7267.0
11-Feb-2016 00:00,12-Feb-2016 00:00,11177.0
12-Feb-2016 00:00,13-Feb-2016 00:00,14526.0
13-Feb-2016 00:00,14-Feb-2016 00:00,3832.0
14-Feb-2016 00:00,15-Feb-2016 00:00,7060.0
15-Feb-2016 00:00,16-Feb-2016 00:00,9408.0
16-Feb-2016 00:00,17-Feb-2016 00:00,11597.0
17-Feb-2016 00:00,18-Feb-2016 00:00,8121.0
18-Feb-2016 00:00,19-Feb-2016 00:00,7977.0
19-Feb-2016 00:00,20-Feb-2016 00:00,7352.0
20-Feb-2016 00:00,21-Feb-2016 00:00,3335.0
21-Feb-2016 00:00,22-Feb-2016 00:00,2844.0
22-Feb-2016 00:00,23-Feb-2016 00:00,9450.0
23-Feb-2016 00:00,24-Feb-2016 00:00,6901.0
24-Feb-2016 00:00,25-Feb-2016 00:00,6714.0
25-Feb-2016 00:00,26-Feb-2016 00:00,7086.0
26-Feb-2016 00:00,27-Feb-2016 00:00,8852.0
27-Feb-2016 00:00,28-Feb-2016 00:00,3833.0
28-Feb-2016 00:00,29-Feb-2016 00:00,3275.0
29-Feb-2016 00:00,01-Mar-2016 00:00,6939.0
01-Mar-2016 00:00,02-Mar-2016 00:00,7394.0
02-Mar-2016 00:00,03-Mar-2016 00:00,5203.0
03-Mar-2016 00:00,04-Mar-2016 00:00,9692.0
04-Mar-2016 00:00,05-Mar-2016 00:00,9463.0
05-Mar-2016 00:00,06-Mar-2016 00:00,9813.0
06-Mar-2016 00:00,07-Mar-2016 00:00,5567.0
07-Mar-2016 00:00,08-Mar-2016 00:00,7243.0
08-Mar-2016 00:00,09-Mar-2016 00:00,8980.0
09-Mar-2016 00:00,10-Mar-2016 00:00,10101.0
10-Mar-2016 00:00,11-Mar-2016 00:00,6875.0
11-Mar-2016 00:00,12-Mar-2016 00:00,7407.0
12-Mar-2016 00:00,13-Mar-2016 00:00,2910.0
13-Mar-2016 00:00,14-Mar-2016 00:00,1203.0
14-Mar-2016 00:00,15-Mar-2016 00:00,5100.0
15-Mar-2016 00:00,16-Mar-2016 00:00,219.0
16-Mar-2016 00:00,17-Mar-2016 00:00,5785.0
17-Mar-2016 00:00,18-Mar-2016 00:00,6746.0
18-Mar-2016 00:00,19-Mar-2016 00:00,7819.0
19-Mar-2016 00:00,20-Mar-2016 00:00,3947.0
20-Mar-2016 00:00,21-Mar-2016 00:00,4953.0
21-Mar-2016 00:00,22-Mar-2016 00:00,6364.0
22-Mar-2016 00:00,23-Mar-2016 00:00,8031.0
23-Mar-2016 00:00,24-Mar-2016 00:00,6357.0
24-Mar-2016 00:00,25-Mar-2016 00:00,10596.0
25-Mar-2016 00:00,26-Mar-2016 00:00,10027.0
26-Mar-2016 00:00,27-Mar-2016 00:00,4399.0
27-Mar-2016 00:00,28-Mar-2016 00:00,1211.0
28-Mar-2016 00:00,29-Mar-2016 00:00,8166.0
29-Mar-2016 00:00,30-Mar-2016 00:00,10209.0
30-Mar-2016 00:00,31-Mar-2016 00:00,14310.0
31-Mar-2016 00:00,01-Apr-2016 00:00,7588.0
01-Apr-2016 00:00,02-Apr-2016 00:00,9321.0
02-Apr-2016 00:00,03-Apr-2016 00:00,6489.0
03-Apr-2016 00:00,04-Apr-2016 00:00,7971.0
04-Apr-2016 00:00,05-Apr-2016 00:00,11552.0
05-Apr-2016 00:00,06-Apr-2016 00:00,7247.0
06-Apr-2016 00:00,07-Apr-2016 00:00,10894.0
07-Apr-2016 00:00,08-Apr-2016 00:00,13880.0
08-Apr-2016 00:00,09-Apr-2016 00:00,9357.0
09-Apr-2016 00:00,10-Apr-2016 00:00,4225.21718223111
10-Apr-2016 00:00,11-Apr-2016 00:00,594.782817768891
11-Apr-2016 00:00,12-Apr-2016 00:00,8508.0
12-Apr-2016 00:00,13-Apr-2016 00:00,12249.0
13-Apr-2016 00:00,14-Apr-2016 00:00,8667.0
14-Apr-2016 00:00,15-Apr-2016 00:00,13004.0
15-Apr-2016 00:00,16-Apr-2016 00:00,6576.0
16-Apr-2016 00:00,17-Apr-2016 00:00,15387.0
17-Apr-2016 00:00,18-Apr-2016 00:00,4080.0
18-Apr-2016 00:00,19-Apr-2016 00:00,9698.0
19-Apr-2016 00:00,20-Apr-2016 00:00,10189.4651187471
20-Apr-2016 00:00,21-Apr-2016 00:00,8706.0
21-Apr-2016 00:00,22-Apr-2016 00:00,8143.0
22-Apr-2016 00:00,23-Apr-2016 00:00,9837.0
23-Apr-2016 00:00,24-Apr-2016 00:00,2873.0
24-Apr-2016 00:00,25-Apr-2016 00:00,6735.0
25-Apr-2016 00:00,26-Apr-2016 00:00,8663.0
26-Apr-2016 00:00,27-Apr-2016 00:00,8839.0
27-Apr-2016 00:00,28-Apr-2016 00:00,8301.0
28-Apr-2016 00:00,29-Apr-2016 00:00,9705.0
29-Apr-2016 00:00,30-Apr-2016 00:00,8727.0
30-Apr-2016 00:00,01-May-2016 00:00,6152.62324427199
01-May-2016 00:00,02-May-2016 00:00,7832.37675572801
02-May-2016 00:00,03-May-2016 00:00,10717.0
03-May-2016 00:00,04-May-2016 00:00,10983.0
04-May-2016 00:00,05-May-2016 00:00,8871.0
05-May-2016 00:00,06-May-2016 00:00,9183.0
06-May-2016 00:00,07-May-2016 00:00,6760.0
07-May-2016 00:00,08-May-2016 00:00,767.0
08-May-2016 00:00,09-May-2016 00:00,6844.0
09-May-2016 00:00,10-May-2016 00:00,9649.0
10-May-2016 00:00,11-May-2016 00:00,5706.0
11-May-2016 00:00,12-May-2016 00:00,6812.0
12-May-2016 00:00,13-May-2016 00:00,6946.0
13-May-2016 00:00,14-May-2016 00:00,2862.0
14-May-2016 00:00,15-May-2016 00:00,13766.0
15-May-2016 00:00,16-May-2016 00:00,11285.0
16-May-2016 00:00,17-May-2016 00:00,7481.0
17-May-2016 00:00,18-May-2016 00:00,9707.0
18-May-2016 00:00,19-May-2016 00:00,8204.0
19-May-2016 00:00,20-May-2016 00:00,9847.0
20-May-2016 00:00,21-May-2016 00:00,4952.0
21-May-2016 00:00,22-May-2016 00:00,6091.0
22-May-2016 00:00,23-May-2016 00:00,4723.0
23-May-2016 00:00,24-May-2016 00:00,8460.0
24-May-2016 00:00,25-May-2016 00:00,4063.0
25-May-2016 00:00,26-May-2016 00:00,8736.0
26-May-2016 00:00,27-May-2016 00:00,10672.0
27-May-2016 00:00,28-May-2016 00:00,4780.0
28-May-2016 00:00,29-May-2016 00:00,4145.0
29-May-2016 00:00,30-May-2016 00:00,3368.0
30-May-2016 00:00,31-May-2016 00:00,7952.0
31-May-2016 00:00,01-Jun-2016 00:00,10257.0
01-Jun-2016 00:00,02-Jun-2016 00:00,6048.0
02-Jun-2016 00:00,03-Jun-2016 00:00,4898.0
03-Jun-2016 00:00,04-Jun-2016 00:00,6409.0
04-Jun-2016 00:00,05-Jun-2016 00:00,3238.0
05-Jun-2016 00:00,06-Jun-2016 00:00,3968.0
06-Jun-2016 00:00,07-Jun-2016 00:00,12378.0
07-Jun-2016 00:00,08-Jun-2016 00:00,9094.0
08-Jun-2016 00:00,09-Jun-2016 00:00,7653.0
09-Jun-2016 00:00,10-Jun-2016 00:00,11599.0
10-Jun-2016 00:00,11-Jun-2016 00:00,11031.0
11-Jun-2016 00:00,12-Jun-2016 00:00,8278.0
12-Jun-2016 00:00,13-Jun-2016 00:00,4295.0
13-Jun-2016 00:00,14-Jun-2016 00:00,6457.0
14-Jun-2016 00:00,15-Jun-2016 00:00,6955.0
15-Jun-2016 00:00,16-Jun-2016 00:00,4794.0
16-Jun-2016 00:00,17-Jun-2016 00:00,4860.0
17-Jun-2016 00:00,18-Jun-2016 00:00,1196.0
18-Jun-2016 00:00,19-Jun-2016 00:00,1030.0
19-Jun-2016 00:00,20-Jun-2016 00:00,1952.0
20-Jun-2016 00:00,21-Jun-2016 00:00,12875.0
21-Jun-2016 00:00,22-Jun-2016 00:00,6055.0
22-Jun-2016 00:00,23-Jun-2016 00:00,11721.0
23-Jun-2016 00:00,24-Jun-2016 00:00,528.0
24-Jun-2016 00:00,25-Jun-2016 00:00,12520.0
25-Jun-2016 00:00,26-Jun-2016 00:00,464.0
26-Jun-2016 00:00,27-Jun-2016 00:00,1387.0
27-Jun-2016 00:00,28-Jun-2016 00:00,11080.0
28-Jun-2016 00:00,29-Jun-2016 00:00,12629.0
29-Jun-2016 00:00,30-Jun-2016 00:00,7964.0
30-Jun-2016 00:00,01-Jul-2016 00:00,11267.0
01-Jul-2016 00:00,02-Jul-2016 00:00,7376.0
02-Jul-2016 00:00,03-Jul-2016 00:00,3626.0
03-Jul-2016 00:00,04-Jul-2016 00:00,2549.0
04-Jul-2016 00:00,05-Jul-2016 00:00,5796.0
05-Jul-2016 00:00,06-Jul-2016 00:00,13430.0
06-Jul-2016 00:00,07-Jul-2016 00:00,6968.0
07-Jul-2016 00:00,08-Jul-2016 00:00,6682.0
08-Jul-2016 00:00,09-Jul-2016 00:00,8453.0
09-Jul-2016 00:00,10-Jul-2016 00:00,5982.0
10-Jul-2016 00:00,11-Jul-2016 00:00,7459.0
11-Jul-2016 00:00,12-Jul-2016 00:00,8216.0
12-Jul-2016 00:00,13-Jul-2016 00:00,10166.0
13-Jul-2016 00:00,14-Jul-2016 00:00,6627.0
14-Jul-2016 00:00,15-Jul-2016 00:00,2800.0
15-Jul-2016 00:00,16-Jul-2016 00:00,5594.0
16-Jul-2016 00:00,17-Jul-2016 00:00,5156.0
17-Jul-2016 00:00,18-Jul-2016 00:00,7585.0
18-Jul-2016 00:00,19-Jul-2016 00:00,10250.0
19-Jul-2016 00:00,20-Jul-2016 00:00,11100.0
20-Jul-2016 00:00,21-Jul-2016 00:00,13998.0
21-Jul-2016 00:00,22-Jul-2016 00:00,18047.0
22-Jul-2016 00:00,23-Jul-2016 00:00,9386.0
23-Jul-2016 00:00,24-Jul-2016 00:00,3004.0
24-Jul-2016 00:00,25-Jul-2016 00:00,8640.0
25-Jul-2016 00:00,26-Jul-2016 00:00,9412.0
26-Jul-2016 00:00,27-Jul-2016 00:00,5762.0
27-Jul-2016 00:00,28-Jul-2016 00:00,6275.0
28-Jul-2016 00:00,29-Jul-2016 00:00,10317.0
29-Jul-2016 00:00,30-Jul-2016 00:00,11276.0
30-Jul-2016 00:00,31-Jul-2016 00:00,1692.0
31-Jul-2016 00:00,01-Aug-2016 00:00,902.0
01-Aug-2016 00:00,02-Aug-2016 00:00,9493.0
02-Aug-2016 00:00,03-Aug-2016 00:00,14906.0
03-Aug-2016 00:00,04-Aug-2016 00:00,6676.0
04-Aug-2016 00:00,05-Aug-2016 00:00,7450.0
05-Aug-2016 00:00,06-Aug-2016 00:00,11173.0
06-Aug-2016 00:00,07-Aug-2016 00:00,150.0
07-Aug-2016 00:00,08-Aug-2016 00:00,14086.0
08-Aug-2016 00:00,09-Aug-2016 00:00,6659.0
09-Aug-2016 00:00,10-Aug-2016 00:00,11528.0
10-Aug-2016 00:00,11-Aug-2016 00:00,10325.0
11-Aug-2016 00:00,12-Aug-2016 00:00,11910.0
12-Aug-2016 00:00,13-Aug-2016 00:00,11444.0
13-Aug-2016 00:00,14-Aug-2016 00:00,1379.0
14-Aug-2016 00:00,15-Aug-2016 00:00,11153.0
15-Aug-2016 00:00,16-Aug-2016 00:00,5320.0
16-Aug-2016 00:00,17-Aug-2016 00:00,18051.0
17-Aug-2016 00:00,18-Aug-2016 00:00,5695.0
18-Aug-2016 00:00,19-Aug-2016 00:00,4789.0
19-Aug-2016 00:00,20-Aug-2016 00:00,22898.4237052932
20-Aug-2016 00:00,21-Aug-2016 00:00,24063.2164606601
21-Aug-2016 00:00,22-Aug-2016 00:00,7358.35983404663
22-Aug-2016 00:00,23-Aug-2016 00:00,615.0
23-Aug-2016 00:00,24-Aug-2016 00:00,25815.0
24-Aug-2016 00:00,25-Aug-2016 00:00,13338.0
25-Aug-2016 00:00,26-Aug-2016 00:00,7014.0
26-Aug-2016 00:00,27-Aug-2016 00:00,70.0
27-Aug-2016 00:00,28-Aug-2016 00:00,8649.0
28-Aug-2016 00:00,29-Aug-2016 00:00,14824.0
29-Aug-2016 00:00,30-Aug-2016 00:00,13787.0
30-Aug-2016 00:00,31-Aug-2016 00:00,10162.0
31-Aug-2016 00:00,01-Sep-2016 00:00,15394.0
01-Sep-2016 00:00,02-Sep-2016 00:00,14918.0
02-Sep-2016 00:00,03-Sep-2016 00:00,21494.0
03-Sep-2016 00:00,04-Sep-2016 00:00,2117.0
04-Sep-2016 00:00,05-Sep-2016 00:00,7258.0
05-Sep-2016 00:00,06-Sep-2016 00:00,2961.0
06-Sep-2016 00:00,07-Sep-2016 00:00,8808.0
07-Sep-2016 00:00,08-Sep-2016 00:00,10138.0
08-Sep-2016 00:00,09-Sep-2016 00:00,8199.0
09-Sep-2016 00:00,10-Sep-2016 00:00,10153.0
10-Sep-2016 00:00,11-Sep-2016 00:00,3347.0
11-Sep-2016 00:00,12-Sep-2016 00:00,201.0
12-Sep-2016 00:00,13-Sep-2016 00:00,7796.0
13-Sep-2016 00:00,14-Sep-2016 00:00,15824.0
14-Sep-2016 00:00,15-Sep-2016 00:00,8374.0
15-Sep-2016 00:00,16-Sep-2016 00:00,8370.0
16-Sep-2016 00:00,17-Sep-2016 00:00,4835.0
17-Sep-2016 00:00,18-Sep-2016 00:00,5743.0
18-Sep-2016 00:00,19-Sep-2016 00:00,8066.0
19-Sep-2016 00:00,20-Sep-2016 00:00,8630.0
20-Sep-2016 00:00,21-Sep-2016 00:00,7869.0
21-Sep-2016 00:00,22-Sep-2016 00:00,6856.0
22-Sep-2016 00:00,23-Sep-2016 00:00,8138.0
23-Sep-2016 00:00,24-Sep-2016 00:00,5131.0
24-Sep-2016 00:00,25-Sep-2016 00:00,2466.0
